Chung,Kristina, B00055353
Chen,Paige, B00066233
Melton,Sherri, B00012208
Hill,Gretchen, B00056467
Puckett,Karen, B00043991
Song,Patrick, B00007097
Hamilton,Elsie, B00030762
Bender,Hazel, B00000888
Wagner,Malcolm, B00061482
McLaughlin,Dolores, B00050853
McNamara,Francis, B00064003
Raynor,Sandy, B00008285
Moon,Marion, B00046575
Woodard,Beth, B00020537
Desai,Julia, B00066749
Wallace,Jerome, B00073806
Lawrence,Neal, B00015516
Griffin,Jean, B00029241
Dougherty,Kristine, B00029628
Powers,Crystal, B00048402
Gutierrez,Marilyn, B00002092
Bowman,Courtney, B00009387
Carpenter,Samantha, B00000104
Thompson,Irvin, B00007044
Bowers,Mamie, B00007851
Olson,Cedric, B00008307
Francis,Albert, B00009575
Weber,Kara, B00003067
Cunningham,Wilbur, B00000378
Hammond,Nichole, B00009531
Rivera,Marlon, B00001573
Hansen,Cesar, B00007768
Lewis,Henrietta, B00008217
Stephens,Edna, B00009684
Marshall,Erica, B00007729
Mason,Adam, B00009690
Parker,Travis, B00008062
Boyd,Corey, B00007082
Wheeler,Merle, B00003102
Davidson,Juan, B00009562
Stevens,Ron, B00009037
Mills,Don, B00001617
Tucker,Eileen, B00008307
Palmer,Pat, B00000931
Knight,Dianna, B00009142
Barrett,Debbie, B00006946
Glover,Aaron, B00006695
Sanders,Isabel, B00001113
Simpson,Timothy, B00005999
Stokes,Winston, B00002549
Wright,Alfredo, B00006826
Andrews,Marjorie, B00006447
Holloway,Justin, B00000809
Rodgers,Mindy, B00005426
Daniels,Louise, B00000223
Lopez,Jon, B00006547
Mccoy,Anita, B00004591
Mullins,Dwight, B00000845
Gregory,Katie, B00008275
Colon,Barbara, B00004787
Green,Gina, B00005316
Klein,Margie, B00009423
Morales,Tammy, B00002303
Park,Wallace, B00008815
King,Lindsay, B00000883
Nichols,Bridget, B00008710
Baker,Judy, B00009576
Jefferson,Faye, B00001146
Austin,Glenda, B00003266
Johnston,Philip, B00004316
Hawkins,Arturo, B00008745
Murphy,Madeline, B00009521
Parsons,Hannah, B00003327
Black,Max, B00005922
Porter,Crystal, B00007608
Freeman,Dominick, B00008262
Bowen,Jennifer, B00008747
Williams,Clara, B00000261
Lindsey,Angel, B00005791
Sanchez,Mack, B00004171
Farmer,Rudy, B00004285
Adkins,Harold, B00005675
Wong,Mandy, B00003709
Hernandez,Vicky, B00001774
Ross,Troy, B00000569
Tran,Sandy, B00007646
Barnes,Wilbert, B00003401
Fox,Fred, B00002560
Greene,Angelica, B00005874
Jacobs,Sheldon, B00008736
Owen,Jimmy, B00006490
Dunn,Darin, B00003280
Harmon,Josh, B00001013
Hunt,Dale, B00001394
Morton,Rochelle, B00003636
Ramirez,Velma, B00004452
Patrick,Stacy, B00006745
Payne,Becky, B00001724
Riley,Kyle, B00007146
Cain,Joan, B00004747
Munoz,Jim, B00005262
Hill,Heidi, B00006539
Harrington,Russell, B00005765
Dixon,Marian, B00007822
Barber,Jerald, B00000447
Bishop,Maurice, B00005242
Brewer,Geneva, B00001392
Fitzgerald,Neil, B00005153
Young,Brandon, B00001623
Brady,Trevor, B00008267
Gilbert,Pearl, B00005567
Campbell,Spencer, B00009859
Kelly,Joshua, B00002487
Moore,Donnie, B00004085
Page,Chelsea, B00004233
Simon,Duane, B00007648
Cooper,Joe, B00003410
Chavez,Felipe, B00001935
Walton,Gary, B00000337
Burton,Kristopher, B00005707
